Super Mario Bros.jpeg, games/a.nes
Super Mario Bros 3.webp, games/b.nes
Super Bros 10- Kung Fu Mari.png, games/c.nes
Adventure Island II.jpeg, games/d.nes
Adventure Island III.webp, games/e.nes
Metal Gear.webp, games/f.nes
Teenage Mutant Ninja Turtles III.jpg, games/g.nes
Double Dragon III.jpeg, games/h.nes
Kung Fu.webp, games/i.nes
The Jungle Book.jpeg, games/j.nes
Spider-Man.jpeg, games/k.nes
Batman.jpeg, games/l.nes
James Bond Jr..webp, games/m.nes
Super Contra.jpeg, games/n.nes
Contra Force.webp, games/o.nes
Code Name:Viper.jpg, games/p.nes
River City Ransom.webp, games/q.nes
Mickey Mousecapade.jpeg, games/r.nes
Lode Runner.png, games/s.nes
City Connection.png, games/t.nes
The Goonies II.webp, games/u.nes
Jackal.png, games/v.nes
Chip 'n Dale Rescue Rangers 2.jpeg, games/w.nes
Gun.Smoke.png, games/x.nes
The Legend of Kage.jpeg, games/y.nes
Ninja Gaiden II.jpeg, games/z.nes
Rush'n Attack.png, games/aa.nes
Monster in My Pocket.png, games/ab.nes
Karateka.png, games/ac.nes
Kirby's Adventure.png, games/ad.nes
Front Line.jpeg, games/ae.nes
Bionic Commando.jpeg, games/af.nes
Metroid.jpeg, games/ag.nes
Mega Man 2.jpeg, games/ah.nes
64 in 1.gif, games/ai.nes
76 in 1.webp, games/aj.nes