Super Mario All-Stars.jpeg , super-mario-allstars-nintendo.gif, games/qa.smc
The Legend of Zelda- A Link to the Past.jpeg , zelda-the-legend-of-zelda.gif, games/qb.smc
Donkey Kong Country 2.jpeg , 125T.gif, games/qc.smc
Teenage Mutant Ninja Turtles IV.webp , turtles-in-time-teenage-mutant-ninja-turtles.gif, games/qd.smc
Disney's Aladdin.jpeg , aladdin-snes.gif, games/qe.smc
The Jungle Book.webp , junglebook.gif, games/qf.smc
Street Fighter II.webp , street-fighter-sf2.gif, games/qg.smc
Mega Man X.png , mega-man-x-snes.gif, games/qh.smc
Contra III- The Alien Wars.webp , contra-contra_3.gif, games/qi.smc
Sonic the Hedgehog.webp , o2QYOL.gif, games/qj.smc
X-Men- Mutant Apocalypse.jpeg , x-men-mutant-apocalypse-snes-1994-v0-0x62114y535a1.gif, games/qk.smc
Super Bomberman.png , Bit8.gif, games/ql.smc
Prince of Persia.webp , 123.gif, games/qm.smc