Tekken 3.jpeg, https://archive.org/download/ps1games/ps1games.zip/tekken-3.7z
Crash Team Racing.png, https://archive.org/download/ps1games/ps1games.zip/crash-team-racing.7z
Metal Slug X.jpeg, https://archive.org/download/ps1games/ps1games.zip/metal-slug-x-psx.7z
Tomb Raider.png, https://archive.org/download/ps1games/ps1games.zip/tomb-raider.7z
Tomb Raider II.png, https://archive.org/download/ps1games/ps1games.zip/tomb-raider-2.7z
Tomb Raider III.png, https://archive.org/download/ps1games/ps1games.zip/tomb-raider-3.7z
Tomb Raider- The Last Revelation.png, https://archive.org/download/ps1games/ps1games.zip/tomb-raider-5.7z
WWF SmackDown!.jpeg, https://archive.org/download/ps1games/ps1games.zip/smackdown-2-psx.7z
ISS Pro Evolution 2.jpeg, https://archive.org/download/ps1games/ps1games.zip/crash-team-racing.7z
Gran Turismo 2.jpeg, https://archive.org/download/ps1games/ps1games.zip/gran-turismo-2-arcade.7z
Jackie Chan.jpeg, https://archive.org/download/ps1games/ps1games.zip/jackie-chan-psx.7z
Syphon Filter.jpeg, https://archive.org/download/ps1games/ps1games.zip/syphon-filter.7z
Syphon Filter 2.jpeg, https://archive.org/download/ps1games/ps1games.zip/syphon-filter-2.7z
Syphon Filter 3.jpeg, https://archive.org/download/ps1games/ps1games.zip/syphon-filter-3.7z