Super Mario Bros.jpeg, https://archive.org/download/NESrompack/NESroms.rar/Europe%2FSuper%20Mario%20Bros%20%28E%29.nes
Super Mario Bros 3.webp, https://archive.org/download/NESrompack/NESroms.rar/Europe%2FSuper%20Mario%20Bros%203%20%28E%29.nes
Super Bros 10- Kung Fu Mari.png, https://archive.org/download/NESrompack/NESroms.rar/Country_Unk%2FSuper%20Bros%2010%20Kung%20Fu%20Mari.nes
Adventure Island II.jpeg, https://archive.org/download/NESrompack/NESroms.rar/USA%2FHudson%27s%20Adventure%20Island%202%20%28U%29.nes
Adventure Island III.webp, https://archive.org/download/NESrompack/NESroms.rar/USA%2FHudson%27s%20Adventure%20Island%203%20%28U%29.nes
Metal Gear.webp, https://archive.org/download/NESrompack/NESroms.rar/Europe%2FMetal%20Gear%20%28E%29%20%5B%21%5D.nes
Teenage Mutant Ninja Turtles III.jpg, https://archive.org/download/NESrompack/NESroms.rar/USA%2FTeenage%20Mutant%20Ninja%20Turtles%203%20%28U%29.nes
Double Dragon III.jpeg, https://archive.org/download/NESrompack/NESroms.rar/USA%2FDouble%20Dragon%203%20-%20The%20Sacred%20Stones%20%28U%29.nes
Kung Fu.webp, https://archive.org/download/NESrompack/NESroms.rar/USA%2FKung%20Fu%20%28U%29.nes
The Jungle Book.jpeg, https://archive.org/download/NESrompack/NESroms.rar/USA%2FJungle%20Book%2C%20The%20%28U%29.nes
Spider-Man.jpeg, https://archive.org/download/NESrompack/NESroms.rar/USA%2FSpider-Man%20-%20Return%20of%20the%20Sinister%20Six%20%28U%29%20%5B%21%5D.nes
Batman.jpeg, https://archive.org/download/NESrompack/NESroms.rar/USA%2FBatman%20%28U%29.nes
James Bond Jr..webp, https://archive.org/download/NESrompack/NESroms.rar/USA%2FJames%20Bond%20Jr%20%28U%29.nes
Super Contra.jpeg, games/24in1SuperContra.nes
Contra Force.webp, https://archive.org/download/NESrompack/NESroms.rar/USA%2FContra%20Force%20%28U%29.nes
Code Name:Viper.jpg, https://archive.org/download/NESrompack/NESroms.rar/USA%2FCode%20Name%20Viper%20%28U%29.nes
River City Ransom.webp, https://archive.org/download/NESrompack/NESroms.rar/USA%2FRiver%20City%20Ransom%20%28U%29.nes
Mickey Mousecapade.jpeg, https://archive.org/download/NESrompack/NESroms.rar/USA%2FMickey%20Mousecapade%20%28U%29.nes
Lode Runner.png, https://archive.org/download/nes-romset-ultra-us/Lode%20Runner%20%28USA%2C%20Europe%29%20%28Virtual%20Console%29.zip/Lode%20Runner%20%28USA%2C%20Europe%29%20%28Virtual%20Console%29.nes
City Connection.png, https://archive.org/download/NESrompack/NESroms.rar/USA%2FCity%20Connection%20%28U%29.nes
The Goonies II.webp, https://archive.org/download/NESrompack/NESroms.rar/USA%2FGoonies%202%2C%20The%20%28U%29.nes
Jackal.png, https://archive.org/download/NESrompack/NESroms.rar/USA%2FJackal%20%28U%29.nes
Chip 'n Dale Rescue Rangers 2.jpeg, https://archive.org/download/NESrompack/NESroms.rar/USA%2FChip%20%27n%20Dale%20Rescue%20Rangers%202%20%28U%29.nes
Gun.Smoke.png, https://archive.org/download/NESrompack/NESroms.rar/USA%2FGun%20Smoke%20%28U%29.nes
The Legend of Kage.jpeg, https://archive.org/download/NESrompack/NESroms.rar/USA%2FLegend%20of%20Kage%2C%20The%20%28U%29.nes
Ninja Gaiden II.jpeg, https://archive.org/download/NESrompack/NESroms.rar/USA%2FNinja%20Gaiden%202%20-%20The%20Dark%20Sword%20of%20Chaos%20%28U%29.nes
Rush'n Attack.png, https://archive.org/download/NESrompack/NESroms.rar/USA%2FRush%27n%20Attack%20%28U%29.nes
Monster in My Pocket.png, https://archive.org/download/NESrompack/NESroms.rar/Europe%2FMonster%20in%20My%20Pocket%20%28E%29.nes
Karateka.png, games/Karateka.nes
Kirby's Adventure.png, https://archive.org/download/NESrompack/NESroms.rar/USA%2FKirby%27s%20Adventure%20%28U%29%20%28PRG%200%29.nes
Front Line.jpeg, games/FrontLine.nes
Bionic Commando.jpeg, https://archive.org/download/NESrompack/NESroms.rar/USA%2FBionic%20Commando%20%28U%29.nes
Metroid.jpeg, https://archive.org/download/NESrompack/NESroms.rar/USA%2FMetroid%20%28U%29.nes
Mega Man 2.jpeg, https://archive.org/download/NESrompack/NESroms.rar/USA%2FMega%20Man%202%20%28U%29.nes
64 in 1.gif, games/64-in-1.nes
76 in 1.webp, games/76-in-1.nes